unit_from,base_unit,factor,only_for_food_item
Blätter,Blatt,1,
Briefchen,Briefchen,1,
Bund,Bund,1,
EL,EL,1,
El,EL,1,
el,EL,1,
Esslöffel,EL,1,
FL,FL,1,
Flasche,Fl,1,
Glas,Glas,1,
Gläser,Glas,1,
Handvoll,Hdv.,1,
g,kg,0.001,
gr,kg,0.001,
Gramm,kg,0.001,
gramm,kg,0.001,
KG,kg,1,
Kg,kg,1,
kg,kg,1,
Kilo,kg,1,
Kilogramm,kg,1,
kl,KL,1,
cl,l,0.01,
dl,l,0.1,
kg,l,1,Wasser
l,l,1,
Liter,l,1,
ml,l,0.001,
Msp,Msp.,1,
Msp.,Msp.,1,
Pack,Pack,1,
Packung,Pack,1,
Prise,Prisen,1,
Prisen,Prisen,1,
Reih.,Reih,1,
Reihe,Reih,1,
Rolle,Rollen,1,
Sack,Sack,1,
Scheib,Schb.,1,
Scheib.,Schb.,1,
Scheibe,Schb.,1,
Scheiben,Schb.,1,
Stengel,Stengel,1,
st,Stk.,1,
Stk,Stk.,1,
stk,Stk.,1,
Stk.,Stk.,1,
Stück,Stk.,1,
Stücke,Stk.,1,
Teelöffel,TL,1,
TL,TL,1,
Tl,TL,1,
wenig,wenig,1,
Zehe,Zehe,1,
Zweig,Zwg,1,
Zweiglein,Zwg,1,
Zwg,Zwg,1,
